{
  "hitmarker": {
      "category": "master",
      "sounds": [
          "hitmarker"
      ],
      "subtitle": "subtitles.custom.name"
  },
  "runners": {
      "category": "master",
      "sounds": [
          "runners"
      ],
      "subtitle": "subtitles.custom.runners"
  },
  "zombies": {
      "category": "master",
      "sounds": [
          "zombies"
      ],
      "subtitle": "subtitles.custom.zombies"
  },
  "test": {
    "category": "master",
    "sounds": [
      "test"
    ],
    "subtitle": "subtitles.custom.test"
  }
}

